teryt,ludnosc
0201,89762
0202,99935
0203,88447
0204,34552
0205,49734
0206,63333
0207,42824
0208,156283
0209,55110
0210,53852
0211,105896
0212,45599
0213,36800
0214,107268
0215,76733
0216,62997
0217,43221
0218,55508
0219,156015
0220,85226
0221,55107
0222,46623
0223,156322
0224,64080
0225,88386
0226,43038
0261,78335
0262,98436
0264,641928
0265,109971
0401,54891
0402,79023
0403,120432
0404,51657
0405,44855
0406,40305
0407,158496
0408,65450
0409,45482
0410,86119
0411,40025
0412,43390
0413,40826
0414,98703
0415,109565
0416,48322
0417,34040
0418,85646
0419,69886
0461,344091
0462,93564
0463,198613
0464,108561
0601,109958
0602,100333
0603,77502
0604,62009
0605,45142
0606,62552
0607,94531
0608,87850
0609,156493
0610,57218
0611,106213
0612,58706
0613,34372
0614,112384
0615,58298
0616,55530
0617,71432
0618,81944
0619,37989
0620,105354
0661,56942
0662,61135
0663,338586
0664,62785
0801,72291
0802,54598
0803,57100
0804,85733
0805,46944
0806,48621
0807,35000
0808,55520
0809,75673
0810,78148
0811,95423
0812,38613
0861,122589
0862,140892
1001,112443
1002,95516
1003,49736
1004,49286
1005,77614
1006,72565
1007,75524
1008,118941
1009,50952
1010,91208
1011,40906
1012,111696
1013,48385
1014,116918
1015,38173
1016,115735
1017,75736
1018,41984
1019,66064
1020,165850
1021,30648
1061,672185
1062,72250
1063,47655
1201,106947
1202,93035
1203,123664
1204,58977
1205,108487
1206,281440
1207,132148
1208,48464
1209,127972
1210,217071
1211,191646
1212,110471
1213,152687
1214,43057
1215,83761
1216,201230
1217,68049
1218,159662
1219,130651
1261,779966
1262,83558
1263,107498
1401,33329
1402,88891
1403,108634
1404,44581
1405,97462
1406,97979
1407,59592
1408,119882
1409,33598
1410,30556
1411,44438
1412,154951
1413,72269
1414,79265
1415,88497
1416,71790
1417,124283
1418,190606
1419,110742
1420,86671
1421,166679
1422,52101
1423,41126
1424,51741
1425,152190
1426,81385
1427,51534
1428,84804
1429,53294
1430,39340
1432,120144
1433,65410
1434,252408
1435,74210
1436,35875
1437,38202
1438,75370
1461,51656
1462,118268
1463,209296
1464,77813
1465,1794166
1601,89282
1602,45015
1603,93001
1604,65026
1605,63196
1606,42543
1607,134864
1608,63788
1609,123532
1610,54765
1611,73923
1661,127839
1801,21489
1802,65373
1803,134991
1804,119727
1805,112863
1806,62039
1807,111905
1808,68996
1809,54711
1810,81226
1811,136441
1812,66221
1813,73919
1814,77979
1815,74573
1816,170550
1817,93818
1818,105431
1819,61161
1820,52720
1821,26375
1861,45944
1862,59779
1863,196638
1864,46360
2001,57651
2002,150845
2003,53695
2004,46792
2005,41991
2006,37887
2007,50819
2008,40070
2009,19689
2010,43618
2011,65883
2012,35577
2013,56408
2014,43191
2061,296958
2062,62573
2063,69639
2201,79114
2202,97661
2203,55835
2204,120327
2205,141892
2206,72923
2207,82963
2208,66083
2209,63204
2210,35438
2211,87568
2212,98832
2213,128210
2214,115220
2215,219457
2216,41104
2261,470805
2262,244969
2263,89780
2264,35286
2401,147259
2402,166348
2403,177536
2404,134106
2405,115416
2406,84330
2407,76109
2408,99202
2409,70486
2410,111814
2411,107410
2412,78166
2413,140780
2414,59823
2415,156579
2416,116672
2417,152199
2461,169756
2462,163255
2463,106846
2464,217530
2465,118285
2466,177049
2467,88038
2468,90368
2469,290553
2470,74559
2471,54702
2472,136423
2473,137128
2474,66270
2475,197586
2476,49108
2477,126871
2478,170924
2479,62844
2601,71125
2602,84908
2603,33340
2604,210992
2605,79072
2606,51525
2607,107711
2608,38487
2609,76346
2610,73163
2611,88549
2612,71250
2613,44743
2661,193415
2801,56562
2802,40776
2803,64768
2804,56986
2805,91395
2806,56227
2807,92644
2808,61772
2809,40852
2810,49439
2811,32638
2812,43721
2813,33993
2814,127544
2815,103492
2816,55833
2817,69089
2818,26489
2819,22444
2861,118582
2862,171249
3001,46824
3002,86590
3003,145068
3004,75732
3005,51929
3006,71425
3007,82911
3008,56298
3009,86108
3010,129904
3011,78866
3012,76998
3013,57911
3014,36633
3015,75576
3016,59821
3017,161357
3018,55265
3019,135477
3020,62763
3021,406590
3022,60188
3023,58959
3024,91745
3025,59149
3026,61492
3027,83599
3028,70096
3029,57431
3030,78037
3031,69161
3061,99106
3062,72539
3063,62854
3064,532048
3201,47304
3202,47970
3203,56482
3204,82310
3205,59844
3206,81289
3207,46692
3208,79300
3209,66505
3210,65373
3211,81584
3212,39202
3213,55777
3214,120132
3215,77258
3216,46394
3217,52707
3218,36486
3261,106235
3262,398255
3263,40948
